{
  "flow_direction": {
    "mean": {
      "NUMERIEKEWAARDE": 66.29644513196592,
      "X": 603084.7569572403,
      "Y": 5813700.796937618,
      "datetime_unix": 1743553211.2066002
    },
    "std": {
      "NUMERIEKEWAARDE": 99.46436943661672,
      "X": 4.092332664963915e-05,
      "Y": 5.970373758961574e-05,
      "datetime_unix": 4548504.913619471
    }
  },
  "wind_direction": {
    "mean": {
      "NUMERIEKEWAARDE": 173.1993313209277,
      "X": 603084.7569180762,
      "Y": 5813700.796880481,
      "datetime_unix": 1743551547.7818959
    },
    "std": {
      "NUMERIEKEWAARDE": 103.6608654042884,
      "X": 2.328350920378873e-10,
      "Y": 9.313403681515491e-10,
      "datetime_unix": 4547562.050680749
    }
  },
  "water_height": {
    "mean": {
      "NUMERIEKEWAARDE": -6.1078815421172035,
      "X": 603100.2192843758,
      "Y": 5813724.181742028,
      "datetime_unix": 1586809959.2123833
    },
    "std": {
      "NUMERIEKEWAARDE": 56.263588154638015,
      "X": 2.328308522695522e-10,
      "Y": 1.8626468181564178e-09,
      "datetime_unix": 95790001.22848378
    }
  },
  "flow_rate": {
    "mean": {
      "NUMERIEKEWAARDE": 30.06019223448801,
      "X": 637499.0677055179,
      "Y": 5798364.141136392,
      "datetime_unix": 1743567229.0826037
    },
    "std": {
      "NUMERIEKEWAARDE": 24.413791525917294,
      "X": 1.1641753763670932e-10,
      "Y": 1.862680602187349e-09,
      "datetime_unix": 4550147.450381327
    }
  }
}